kernel	vgpr	sgpr	lds_bytes	scratch_bytes	max_wg
23mul_mat_vec_q8_0_gfx906PKvS0_Pfjjj15HIP_vector_typeIjLj3EEjjjS3_jjj	21	32	0	0	64
23mul_mat_vec_q4_0_gfx906PKvS0_Pfjjj15HIP_vector_typeIjLj3EEjjjS3_jjj	23	32	0	0	64
25mul_mat_vec_iq4_nl_gfx906PKvS0_Pfjjj15HIP_vector_typeIjLj3EEjjjS3_jjj	29	32	0	0	64
29mul_mat_vec_q4_0_breit_gfx906ILi1ELi16ELi32ELb1	62	42	1536	0	256
29mul_mat_vec_q4_0_breit_gfx906ILi1ELi16ELi32ELb0	36	32	1536	0	256
29mul_mat_vec_q4_0_breit_gfx906ILi1ELi16ELi128ELb1	69	42	6144	0	256
29mul_mat_vec_q4_0_breit_gfx906ILi1ELi16ELi128ELb0	47	32	6144	0	256
29mul_mat_vec_q4_0_breit_gfx906ILi1ELi16ELi64ELb1	69	42	3072	0	256
29mul_mat_vec_q4_0_breit_gfx906ILi1ELi16ELi64ELb0	47	32	3072	0	256
29mul_mat_vec_q4_0_breit_gfx906ILi1ELi8ELi32ELb1	69	42	1536	0	256
29mul_mat_vec_q4_0_breit_gfx906ILi1ELi8ELi32ELb0	47	32	1536	0	256
29mul_mat_vec_q4_0_breit_gfx906ILi1ELi8ELi128ELb1	69	42	6144	0	256
29mul_mat_vec_q4_0_breit_gfx906ILi1ELi8ELi128ELb0	47	32	6144	0	256
29mul_mat_vec_q4_0_breit_gfx906ILi1ELi8ELi64ELb1	69	42	3072	0	256
29mul_mat_vec_q4_0_breit_gfx906ILi1ELi8ELi64ELb0	47	32	3072	0	256
30mul_mat_vec_q4_0_breit2_gfx906ILi2ELi16ELi32	65	34	3072	0	256
30mul_mat_vec_q4_0_breit2_gfx906ILi2ELi16ELi64	62	40	6144	0	256
29mul_mat_vec_q4_0_breit_gfx906ILi2ELi16ELi32ELb0	47	32	3072	0	256
29mul_mat_vec_q4_0_breit_gfx906ILi2ELi16ELi128ELb0	45	36	12288	0	256
29mul_mat_vec_q4_0_breit_gfx906ILi2ELi16ELi64ELb0	48	36	6144	0	256
29mul_mat_vec_q4_0_breit_gfx906ILi2ELi8ELi32ELb0	48	36	3072	0	256
29mul_mat_vec_q4_0_breit_gfx906ILi2ELi8ELi128ELb0	45	36	12288	0	256
29mul_mat_vec_q4_0_breit_gfx906ILi2ELi8ELi64ELb0	48	36	6144	0	256
30mul_mat_vec_q4_0_breit2_gfx906ILi3ELi16ELi32	75	34	4608	0	256
30mul_mat_vec_q4_0_breit2_gfx906ILi3ELi16ELi64	76	36	9216	0	256
29mul_mat_vec_q4_0_breit_gfx906ILi3ELi16ELi32ELb0	42	32	4608	0	256
29mul_mat_vec_q4_0_breit_gfx906ILi3ELi16ELi128ELb0	50	36	18432	0	256
29mul_mat_vec_q4_0_breit_gfx906ILi3ELi16ELi64ELb0	47	36	9216	0	256
29mul_mat_vec_q4_0_breit_gfx906ILi3ELi8ELi32ELb0	47	36	4608	0	256
29mul_mat_vec_q4_0_breit_gfx906ILi3ELi8ELi128ELb0	50	36	18432	0	256
29mul_mat_vec_q4_0_breit_gfx906ILi3ELi8ELi64ELb0	47	36	9216	0	256
30mul_mat_vec_q4_0_breit2_gfx906ILi4ELi16ELi32	78	34	6144	0	256
30mul_mat_vec_q4_0_breit2_gfx906ILi4ELi16ELi64	78	36	12288	0	256
29mul_mat_vec_q4_0_breit_gfx906ILi4ELi16ELi32ELb0	54	32	6144	0	256
29mul_mat_vec_q4_0_breit_gfx906ILi4ELi16ELi128ELb0	113	36	24576	0	256
29mul_mat_vec_q4_0_breit_gfx906ILi4ELi16ELi64ELb0	44	36	12288	0	256
29mul_mat_vec_q4_0_breit_gfx906ILi4ELi8ELi32ELb0	47	36	6144	0	256
29mul_mat_vec_q4_0_breit_gfx906ILi4ELi8ELi128ELb0	113	36	24576	0	256
29mul_mat_vec_q4_0_breit_gfx906ILi4ELi8ELi64ELb0	44	36	12288	0	256
30mul_mat_vec_q4_0_breit2_gfx906ILi5ELi16ELi32	76	34	7680	0	256
30mul_mat_vec_q4_0_breit2_gfx906ILi5ELi16ELi64	80	39	15360	0	256
29mul_mat_vec_q4_0_breit_gfx906ILi5ELi16ELi32ELb0	55	32	7680	0	256
29mul_mat_vec_q4_0_breit_gfx906ILi5ELi16ELi128ELb0	52	36	30720	0	256
29mul_mat_vec_q4_0_breit_gfx906ILi5ELi16ELi64ELb0	52	36	15360	0	256
29mul_mat_vec_q4_0_breit_gfx906ILi5ELi8ELi32ELb0	50	36	7680	0	256
29mul_mat_vec_q4_0_breit_gfx906ILi5ELi8ELi128ELb0	52	36	30720	0	256
29mul_mat_vec_q4_0_breit_gfx906ILi5ELi8ELi64ELb0	52	36	15360	0	256
30mul_mat_vec_q4_0_breit2_gfx906ILi6ELi16ELi32	82	34	9216	0	256
30mul_mat_vec_q4_0_breit2_gfx906ILi6ELi16ELi64	89	40	18432	0	256
29mul_mat_vec_q4_0_breit_gfx906ILi6ELi16ELi32ELb0	56	32	9216	0	256
29mul_mat_vec_q4_0_breit_gfx906ILi6ELi16ELi128ELb0	157	36	36864	0	256
29mul_mat_vec_q4_0_breit_gfx906ILi6ELi16ELi64ELb0	53	36	18432	0	256
29mul_mat_vec_q4_0_breit_gfx906ILi6ELi8ELi32ELb0	95	36	9216	0	256
29mul_mat_vec_q4_0_breit_gfx906ILi6ELi8ELi128ELb0	157	36	36864	0	256
29mul_mat_vec_q4_0_breit_gfx906ILi6ELi8ELi64ELb0	53	36	18432	0	256
30mul_mat_vec_q4_0_breit2_gfx906ILi7ELi16ELi32	82	34	10752	0	256
30mul_mat_vec_q4_0_breit2_gfx906ILi7ELi16ELi64	128	44	21504	72	256
29mul_mat_vec_q4_0_breit_gfx906ILi7ELi16ELi32ELb0	65	32	10752	0	256
29mul_mat_vec_q4_0_breit_gfx906ILi7ELi16ELi128ELb0	178	36	43008	0	256
29mul_mat_vec_q4_0_breit_gfx906ILi7ELi16ELi64ELb0	54	36	21504	0	256
29mul_mat_vec_q4_0_breit_gfx906ILi7ELi8ELi32ELb0	54	36	10752	0	256
29mul_mat_vec_q4_0_breit_gfx906ILi7ELi8ELi128ELb0	178	36	43008	0	256
29mul_mat_vec_q4_0_breit_gfx906ILi7ELi8ELi64ELb0	54	36	21504	0	256
30mul_mat_vec_q4_0_breit2_gfx906ILi8ELi16ELi32	102	34	12288	0	256
30mul_mat_vec_q4_0_breit2_gfx906ILi8ELi16ELi64	86	39	24576	0	256
29mul_mat_vec_q4_0_breit_gfx906ILi8ELi16ELi32ELb0	66	32	12288	0	256
29mul_mat_vec_q4_0_breit_gfx906ILi8ELi16ELi128ELb0	199	36	49152	0	256
29mul_mat_vec_q4_0_breit_gfx906ILi8ELi16ELi64ELb0	55	36	24576	0	256
29mul_mat_vec_q4_0_breit_gfx906ILi8ELi8ELi32ELb0	55	36	12288	0	256
29mul_mat_vec_q4_0_breit_gfx906ILi8ELi8ELi128ELb0	199	36	49152	0	256
29mul_mat_vec_q4_0_breit_gfx906ILi8ELi8ELi64ELb0	55	36	24576	0	256
23mul_mat_vec_q4_K_gfx906ILb1	68	44	0	0	64
23mul_mat_vec_q4_K_gfx906ILb0	49	30	0	0	64
23mul_mat_vec_q3_K_gfx906ILb1	81	44	0	0	64
23mul_mat_vec_q3_K_gfx906ILb0	53	30	0	0	64
23mul_mat_vec_q2_K_gfx906ILb1	68	44	0	0	64
23mul_mat_vec_q2_K_gfx906ILb0	56	30	0	0	64
29mul_mat_vec_q5_K_breit_gfx906ILi2ELi16ELi4	50	35	3072	0	256
29mul_mat_vec_q5_K_breit_gfx906ILi2ELi16ELi8	55	40	6144	0	256
29mul_mat_vec_q5_K_breit_gfx906ILi3ELi16ELi4	56	35	4608	0	256
29mul_mat_vec_q5_K_breit_gfx906ILi3ELi16ELi8	58	40	9216	0	256
29mul_mat_vec_q5_K_breit_gfx906ILi4ELi16ELi4	57	35	6144	0	256
29mul_mat_vec_q5_K_breit_gfx906ILi4ELi16ELi8	59	40	12288	0	256
29mul_mat_vec_q5_K_breit_gfx906ILi5ELi16ELi4	59	34	7680	0	256
29mul_mat_vec_q5_K_breit_gfx906ILi5ELi16ELi8	58	38	15360	0	256
29mul_mat_vec_q5_K_breit_gfx906ILi6ELi16ELi4	58	34	9216	0	256
29mul_mat_vec_q5_K_breit_gfx906ILi6ELi16ELi8	82	40	18432	0	256
29mul_mat_vec_q5_K_breit_gfx906ILi7ELi16ELi4	57	34	10752	0	256
29mul_mat_vec_q5_K_breit_gfx906ILi7ELi16ELi8	83	40	21504	0	256
29mul_mat_vec_q5_K_breit_gfx906ILi8ELi16ELi4	63	34	12288	0	256
29mul_mat_vec_q5_K_breit_gfx906ILi8ELi16ELi8	84	40	24576	0	256
29mul_mat_vec_q6_K_breit_gfx906ILi2ELi16ELi4	36	32	2304	0	256
29mul_mat_vec_q6_K_breit_gfx906ILi2ELi16ELi8	36	32	4608	0	256
29mul_mat_vec_q4_1_breit_gfx906ILi2ELi16ELi32	31	32	3072	0	256
29mul_mat_vec_q4_1_breit_gfx906ILi2ELi16ELi64	48	36	6144	0	256
29mul_mat_vec_q6_K_breit_gfx906ILi3ELi16ELi4	34	32	3456	0	256
29mul_mat_vec_q6_K_breit_gfx906ILi3ELi16ELi8	34	32	6912	0	256
29mul_mat_vec_q4_1_breit_gfx906ILi3ELi16ELi32	36	32	4608	0	256
29mul_mat_vec_q4_1_breit_gfx906ILi3ELi16ELi64	44	36	9216	0	256
29mul_mat_vec_q6_K_breit_gfx906ILi4ELi16ELi4	35	32	4608	0	256
29mul_mat_vec_q6_K_breit_gfx906ILi4ELi16ELi8	35	32	9216	0	256
29mul_mat_vec_q4_1_breit_gfx906ILi4ELi16ELi32	37	32	6144	0	256
29mul_mat_vec_q4_1_breit_gfx906ILi4ELi16ELi64	49	36	12288	0	256
29mul_mat_vec_q6_K_breit_gfx906ILi5ELi16ELi4	59	32	5760	0	256
29mul_mat_vec_q6_K_breit_gfx906ILi5ELi16ELi8	43	36	11520	0	256
29mul_mat_vec_q4_1_breit_gfx906ILi5ELi16ELi32	36	32	7680	0	256
29mul_mat_vec_q4_1_breit_gfx906ILi5ELi16ELi64	52	36	15360	0	256
29mul_mat_vec_q6_K_breit_gfx906ILi6ELi16ELi4	38	32	6912	0	256
29mul_mat_vec_q6_K_breit_gfx906ILi6ELi16ELi8	43	36	13824	0	256
29mul_mat_vec_q4_1_breit_gfx906ILi6ELi16ELi32	39	32	9216	0	256
29mul_mat_vec_q4_1_breit_gfx906ILi6ELi16ELi64	53	36	18432	0	256
29mul_mat_vec_q6_K_breit_gfx906ILi7ELi16ELi4	39	32	8064	0	256
29mul_mat_vec_q6_K_breit_gfx906ILi7ELi16ELi8	45	36	16128	0	256
29mul_mat_vec_q4_1_breit_gfx906ILi7ELi16ELi32	43	32	10752	0	256
29mul_mat_vec_q4_1_breit_gfx906ILi7ELi16ELi64	54	36	21504	0	256
29mul_mat_vec_q6_K_breit_gfx906ILi8ELi16ELi4	42	32	9216	0	256
29mul_mat_vec_q6_K_breit_gfx906ILi8ELi16ELi8	46	36	18432	0	256
29mul_mat_vec_q4_1_breit_gfx906ILi8ELi16ELi32	42	32	12288	0	256
29mul_mat_vec_q4_1_breit_gfx906ILi8ELi16ELi64	55	36	24576	0	256
23mul_mat_vec_q5_K_gfx906ILb1	87	44	0	0	64
23mul_mat_vec_q5_K_gfx906ILb0	53	30	0	0	64
23mul_mat_vec_q6_K_gfx906ILb1	57	44	0	0	64
23mul_mat_vec_q6_K_gfx906ILb0	42	30	0	0	64
